id,codigo,nombre,forma_farmaceutica,presentacion,cantidad_disponible,unidad_inventario
1,MED8037,Insulina R 10UI Tableta,Ungüento,63 g,305.6693997445688,UI
2,MED9724,Paracetamol 1g Cápsula,Solución,44 mcg,725.9907260090635,ml
3,MED4599,Budesonida 200mcg Suspensión,Inyectable,53 UI,918.7637557288233,ampolla
4,MED3796,Budesonida 200mcg Tableta,Cápsula,24 ml,966.7094667162982,UI
5,MED1867,Enalapril 10mg Cápsula,Solución,84 mcg,506.7545409673604,g
6,MED7885,Furosemida 40mg Vial,Suspensión,9 g,216.51848977688127,g
7,MED9358,Ciprofloxacino 500mg Suspensión,Solución,29 UI,738.6295265833713,vial
8,MED5149,Losartán 50mg Vial,Suspensión,96 UI,368.44105114533977,vial
9,MED6050,Insulina R 10UI Tableta,Cápsula,7 UI,319.66505821616084,g
10,MED5301,Ibuprofeno 400mg Ampolla,Ungüento,14 ml,502.300603790621,ampolla
11,MED3866,Insulina R 10UI Tableta,Polvo,88 ml,651.432576884435,ampolla
12,MED7674,Famotidina 20mg Cápsula,Suspensión,81 ml,470.45685301731675,mcg
13,MED3274,Metoprolol 100mg Tableta,Suspensión,95 mcg,946.2148557428017,ampolla
14,MED7265,Furosemida 40mg Ampolla,Tableta,45 mcg,251.0072306012832,ampolla
15,MED1351,Ciprofloxacino 500mg Ampolla,Cápsula,20 ml,706.7471247408699,tableta
16,MED4129,Furosemida 40mg Ampolla,Ungüento,36 g,136.46236619096368,vial
17,MED3949,Atorvastatina 20mg Tableta,Inyectable,7 ml,561.6946613834336,UI
18,MED6525,Omeprazol 20mg Vial,Tableta,66 mg,468.8611965373431,tableta
19,MED6947,Insulina R 10UI Vial,Tableta,62 UI,642.1212135627514,mcg
20,MED9244,Paracetamol 1g Vial,Solución,67 UI,984.6201406292564,mg
21,MED3147,Ranitidina 50mg Cápsula,Suspensión,25 g,384.91641488802617,g
22,MED7905,Famotidina 20mg Cápsula,Solución,12 g,933.7873260122977,vial
23,MED3168,Amoxicilina 500mg Vial,Polvo,71 g,89.64044605826633,UI
24,MED3353,Metformina 850mg Ampolla,Inyectable,2 mg,777.2101096496874,UI
25,MED6629,Omeprazol 20mg Ampolla,Ungüento,82 ml,804.1772244150769,vial
26,MED7358,Furosemida 40mg Suspensión,Inyectable,71 mg,654.2491642721085,mg
27,MED6411,Paracetamol 1g Tableta,Tableta,66 mg,306.3003418327315,tableta
28,MED9343,Ciprofloxacino 500mg Cápsula,Inyectable,67 ml,107.6363031000549,tableta
29,MED9912,Insulina R 10UI Cápsula,Cápsula,10 UI,586.4480151287098,mcg
30,MED6066,Salbutamol 100mcg Suspensión,Ungüento,44 ml,707.5685812188436,vial
31,MED1618,Metformina 850mg Ampolla,Inyectable,58 ml,991.5229509019669,mcg
32,MED4069,Diazepam 10mg Tableta,Solución,79 g,465.9087726351378,ml
33,MED7533,Ceftriaxona 1g Suspensión,Inyectable,37 mcg,953.6990381037082,vial
34,MED8665,Amlodipino 5mg Suspensión,Tableta,67 UI,569.8501868060904,vial
35,MED7907,Ibuprofeno 400mg Vial,Inyectable,2 mg,159.14343547253992,ml
36,MED3793,Ranitidina 50mg Cápsula,Cápsula,99 ml,548.8729487956789,mg
37,MED4899,Amoxicilina 500mg Ampolla,Suspensión,69 g,752.8498485210257,ampolla
38,MED9319,Famotidina 20mg Tableta,Solución,91 g,379.23305419305785,UI
39,MED9768,Famotidina 20mg Vial,Inyectable,19 mg,535.6607310032543,ampolla
40,MED1409,Ranitidina 50mg Vial,Tableta,74 UI,888.7496741917328,vial
41,MED1019,Losartán 50mg Suspensión,Inyectable,10 ml,24.056185708162385,ampolla
42,MED2053,Ibuprofeno 400mg Ampolla,Suspensión,67 g,427.87758806367293,UI
43,MED4495,Salbutamol 100mcg Ampolla,Ungüento,74 mg,910.6836893025732,ampolla
44,MED2134,Paracetamol 1g Suspensión,Solución,92 mg,737.0096067270051,g
45,MED2494,Diazepam 10mg Cápsula,Solución,41 UI,148.26236564947308,ml
46,MED7691,Furosemida 40mg Ampolla,Tableta,62 mcg,460.7091261441074,mcg
47,MED2318,Metformina 850mg Vial,Solución,5 mg,756.8157026076257,ml
48,MED3801,Famotidina 20mg Tableta,Cápsula,78 mcg,387.88987132976393,vial
49,MED3275,Ibuprofeno 400mg Vial,Ungüento,19 UI,518.9566227414231,mcg
50,MED7372,Ceftriaxona 1g Cápsula,Solución,56 ml,17.692193467043626,mg
51,MED2327,Metoprolol 100mg Vial,Inyectable,16 mg,79.38254792502526,vial
52,MED6535,Amoxicilina 500mg Cápsula,Ungüento,7 mg,818.948257933821,UI
53,MED6272,Ranitidina 50mg Vial,Suspensión,37 g,179.35149303542028,ml
54,MED1240,Diazepam 10mg Ampolla,Solución,46 UI,827.3497932313688,mcg
55,MED6978,Amlodipino 5mg Tableta,Ungüento,8 ml,466.74412055042814,UI
56,MED9694,Famotidina 20mg Ampolla,Inyectable,91 ml,497.96242003221863,tableta
57,MED4568,Ciprofloxacino 500mg Vial,Solución,6 mg,475.11092047504206,mcg
58,MED9830,Atorvastatina 20mg Vial,Tableta,9 mg,915.9805698335581,ml
59,MED5510,Amlodipino 5mg Suspensión,Solución,97 mg,892.8006142528549,mg
60,MED1318,Metoprolol 100mg Ampolla,Polvo,45 mcg,634.7431090938715,mcg
61,MED7421,Omeprazol 20mg Ampolla,Polvo,79 mg,331.1252944073589,vial
62,MED6088,Metoprolol 100mg Cápsula,Suspensión,83 mcg,156.45390932585482,ampolla
63,MED9498,Clonazepam 2mg Vial,Cápsula,46 ml,490.9572203503634,ampolla
64,MED2060,Amoxicilina 500mg Tableta,Tableta,36 mcg,998.1422468153149,mcg
65,MED7695,Ibuprofeno 400mg Suspensión,Inyectable,40 mcg,402.49147809562555,g
66,MED4715,Famotidina 20mg Ampolla,Ungüento,47 mcg,30.06856784949499,tableta
67,MED9203,Amlodipino 5mg Cápsula,Suspensión,84 ml,530.8000464713548,mcg
68,MED6933,Paracetamol 1g Ampolla,Suspensión,14 UI,354.49218407798566,vial
69,MED1406,Amlodipino 5mg Ampolla,Ungüento,73 mcg,274.89238569984485,ml
70,MED2908,Enalapril 10mg Vial,Tableta,99 mcg,705.6602626607961,mg
71,MED1381,Ceftriaxona 1g Vial,Ungüento,100 ml,730.2779472353043,mg
72,MED8345,Insulina R 10UI Cápsula,Polvo,36 g,206.98804812544728,vial
73,MED7085,Ceftriaxona 1g Ampolla,Tableta,8 mg,502.4069805070561,UI
74,MED1914,Amoxicilina 500mg Ampolla,Cápsula,56 mg,928.2211876315524,ml
75,MED3165,Enalapril 10mg Tableta,Tableta,88 ml,364.019793435342,vial
76,MED7659,Furosemida 40mg Tableta,Polvo,94 g,421.635748159141,mg
77,MED6171,Famotidina 20mg Ampolla,Tableta,14 g,607.9592688507578,tableta
78,MED8841,Enalapril 10mg Cápsula,Suspensión,39 g,204.51500278041752,UI
79,MED2759,Metoprolol 100mg Vial,Solución,2 g,41.78494452105816,vial
80,MED2101,Metoprolol 100mg Cápsula,Ungüento,79 mcg,887.8508857420343,UI
81,MED3177,Amlodipino 5mg Tableta,Inyectable,92 g,424.37517296628806,mg
82,MED4152,Insulina R 10UI Suspensión,Cápsula,16 mg,928.6175010348971,g
83,MED4926,Paracetamol 1g Suspensión,Tableta,27 g,747.9596239268728,mg
84,MED5838,Omeprazol 20mg Ampolla,Inyectable,50 mg,966.2393053606095,UI
85,MED9348,Metoprolol 100mg Tableta,Cápsula,31 UI,939.5389432189636,tableta
86,MED5813,Omeprazol 20mg Tableta,Ungüento,92 g,457.9210798374269,UI
87,MED6515,Omeprazol 20mg Vial,Suspensión,81 UI,268.7132601812745,mcg
88,MED4914,Clonazepam 2mg Vial,Solución,46 ml,61.36027241994592,mcg
89,MED7732,Famotidina 20mg Cápsula,Tableta,6 ml,379.5570956709333,UI
90,MED9708,Ceftriaxona 1g Vial,Inyectable,58 UI,764.0046193164749,g
91,MED8010,Furosemida 40mg Tableta,Inyectable,87 UI,551.287931237161,UI
92,MED2308,Ceftriaxona 1g Ampolla,Suspensión,38 ml,186.3695873752536,mg
93,MED9129,Ibuprofeno 400mg Tableta,Ungüento,12 g,780.2203682489273,mcg
94,MED5981,Famotidina 20mg Vial,Solución,65 mg,41.260427340578204,mcg
95,MED4270,Losartán 50mg Vial,Suspensión,26 UI,529.5581803221058,mcg
96,MED9086,Salbutamol 100mcg Ampolla,Solución,52 mcg,43.41942953442137,g
97,MED6271,Ranitidina 50mg Cápsula,Suspensión,94 mcg,694.0381709603531,tableta
98,MED9622,Losartán 50mg Cápsula,Solución,57 mcg,231.06796072449214,mcg
99,MED1602,Budesonida 200mcg Suspensión,Solución,22 ml,846.7255795899479,vial
100,MED1896,Ceftriaxona 1g Cápsula,Inyectable,94 g,885.9714261192922,ml
101,MED7111,Ciprofloxacino 500mg Ampolla,Inyectable,10 mcg,586.5779699663532,ampolla
102,MED5863,Paracetamol 1g Cápsula,Suspensión,68 UI,180.72809535967423,mcg
103,MED4790,Clonazepam 2mg Suspensión,Suspensión,25 mg,342.8802114703385,UI
104,MED2784,Ranitidina 50mg Tableta,Ungüento,74 mg,754.5097481351528,tableta
105,MED8276,Amlodipino 5mg Suspensión,Ungüento,5 UI,925.8976469170734,tableta
106,MED6345,Furosemida 40mg Cápsula,Tableta,11 g,591.936923994868,mg
107,MED1111,Losartán 50mg Suspensión,Cápsula,36 UI,127.84991658939887,mg
108,MED3246,Salbutamol 100mcg Tableta,Ungüento,78 mg,818.114346351894,UI
109,MED8628,Diazepam 10mg Cápsula,Inyectable,91 UI,703.3755070168068,ampolla
110,MED4503,Amoxicilina 500mg Cápsula,Ungüento,44 mg,676.2543226580674,vial
111,MED9557,Furosemida 40mg Ampolla,Cápsula,50 mcg,881.923331842236,vial
112,MED5582,Paracetamol 1g Suspensión,Ungüento,41 mcg,334.6915381859071,vial
113,MED5022,Atorvastatina 20mg Suspensión,Polvo,56 UI,161.9083018275348,tableta
114,MED9203,Furosemida 40mg Suspensión,Inyectable,5 UI,152.39596229361786,mcg
115,MED5660,Furosemida 40mg Tableta,Solución,94 mcg,809.2676815408047,ampolla
116,MED6348,Amlodipino 5mg Cápsula,Ungüento,83 ml,425.07784337841406,mg
117,MED6523,Famotidina 20mg Tableta,Polvo,23 ml,527.4054473799034,tableta
118,MED2696,Ibuprofeno 400mg Suspensión,Tableta,92 mg,21.248553890736673,mcg
119,MED5728,Amlodipino 5mg Vial,Polvo,12 ml,657.4760475160037,ampolla
120,MED5757,Diazepam 10mg Tableta,Inyectable,27 mg,263.03107862695845,ampolla
121,MED6228,Salbutamol 100mcg Cápsula,Inyectable,71 g,575.9712805301344,ml
122,MED4097,Salbutamol 100mcg Suspensión,Tableta,6 mg,41.98896336869355,g
123,MED5943,Insulina R 10UI Suspensión,Polvo,11 UI,175.4906403259998,g
124,MED9418,Ceftriaxona 1g Cápsula,Polvo,61 mg,538.7954711533363,tableta
125,MED9763,Ceftriaxona 1g Vial,Cápsula,35 UI,584.254325694725,g
126,MED1772,Metformina 850mg Cápsula,Inyectable,32 UI,144.57582917840705,UI
127,MED9081,Paracetamol 1g Cápsula,Suspensión,14 mcg,87.94859184897315,UI
128,MED7717,Losartán 50mg Suspensión,Cápsula,1 g,279.5273795305666,ampolla
129,MED4714,Metoprolol 100mg Vial,Suspensión,44 mcg,616.174091670957,ampolla
130,MED9926,Furosemida 40mg Suspensión,Inyectable,72 g,350.1138948818726,mg
131,MED4820,Famotidina 20mg Suspensión,Polvo,69 g,323.90503818731713,mg
132,MED5704,Metformina 850mg Vial,Polvo,28 UI,171.99088252100555,mg
133,MED5800,Metformina 850mg Suspensión,Inyectable,3 ml,784.3119391690859,g
134,MED7991,Paracetamol 1g Tableta,Tableta,54 mcg,566.2243734614599,mg
135,MED3070,Paracetamol 1g Cápsula,Solución,58 g,283.8923351940588,ml
136,MED3692,Furosemida 40mg Suspensión,Polvo,52 mcg,441.36742721245594,ml
137,MED8811,Ceftriaxona 1g Vial,Suspensión,78 g,746.8016893507927,UI
138,MED9451,Famotidina 20mg Suspensión,Tableta,12 ml,266.8842785888868,ampolla
139,MED7781,Ibuprofeno 400mg Tableta,Solución,33 mcg,367.3620447919738,mg
140,MED1037,Famotidina 20mg Tableta,Inyectable,84 g,722.3060125117601,g
141,MED1911,Famotidina 20mg Cápsula,Solución,72 UI,177.01451718532644,mcg
142,MED4561,Salbutamol 100mcg Vial,Tableta,82 mg,436.5727634007018,vial
143,MED5951,Ranitidina 50mg Cápsula,Polvo,96 mcg,632.9062163822737,ampolla
144,MED5479,Paracetamol 1g Vial,Cápsula,25 ml,347.2753199590656,tableta
145,MED5579,Furosemida 40mg Cápsula,Polvo,36 g,250.85754253342014,ml
146,MED7845,Famotidina 20mg Suspensión,Suspensión,5 UI,582.810225109522,mg
147,MED1403,Amlodipino 5mg Cápsula,Inyectable,27 g,207.25549909764163,g
148,MED1848,Metformina 850mg Tableta,Cápsula,74 ml,460.3024196304032,vial
149,MED5934,Paracetamol 1g Suspensión,Tableta,59 ml,526.598831758509,ampolla
150,MED4283,Enalapril 10mg Ampolla,Ungüento,60 ml,117.5598844920959,mcg
151,MED8327,Insulina R 10UI Tableta,Tableta,56 mg,406.7984056431551,g
152,MED5263,Metformina 850mg Vial,Tableta,72 g,333.01594034859653,mcg
153,MED5214,Budesonida 200mcg Suspensión,Inyectable,72 UI,436.93818569372775,g
154,MED3570,Losartán 50mg Ampolla,Suspensión,70 mg,80.22004768453772,UI
155,MED9115,Ranitidina 50mg Cápsula,Solución,65 UI,681.135289362955,ml
156,MED9481,Ciprofloxacino 500mg Suspensión,Suspensión,79 ml,401.1879552958483,tableta
157,MED9432,Atorvastatina 20mg Vial,Cápsula,27 UI,609.1230683158735,UI
158,MED8016,Ranitidina 50mg Ampolla,Solución,68 mg,612.9937049863873,mcg
159,MED8083,Metoprolol 100mg Tableta,Cápsula,72 g,255.32582245147674,ampolla
160,MED3815,Ceftriaxona 1g Ampolla,Tableta,93 g,917.4389335161492,mcg
161,MED9408,Losartán 50mg Vial,Suspensión,29 UI,758.6196015234277,mg
162,MED2448,Amoxicilina 500mg Cápsula,Solución,48 mcg,427.2526613256111,UI
163,MED6244,Paracetamol 1g Tableta,Cápsula,92 ml,93.06136867322344,vial
164,MED4227,Amlodipino 5mg Tableta,Polvo,66 mg,211.32999029685703,mg
165,MED2605,Paracetamol 1g Tableta,Polvo,16 g,424.8581196913287,mcg
166,MED3020,Ceftriaxona 1g Cápsula,Cápsula,69 mg,498.1211481627955,mcg
167,MED2411,Clonazepam 2mg Tableta,Cápsula,76 UI,409.80967682425,g
168,MED7939,Ciprofloxacino 500mg Vial,Solución,32 g,491.02475783675914,mcg
169,MED8029,Clonazepam 2mg Vial,Suspensión,18 g,556.0690117094628,UI
170,MED6363,Ranitidina 50mg Cápsula,Ungüento,44 ml,628.4185962220355,ampolla
171,MED4315,Amoxicilina 500mg Vial,Suspensión,59 mg,596.6587453117667,vial
172,MED5551,Amlodipino 5mg Suspensión,Tableta,95 UI,218.6767736895233,ml
173,MED8855,Losartán 50mg Vial,Suspensión,80 mg,499.2693746888211,g
174,MED2620,Diazepam 10mg Tableta,Suspensión,53 mg,966.8935058013323,mg
175,MED8769,Salbutamol 100mcg Cápsula,Ungüento,23 mg,162.54197376119913,ampolla
176,MED1244,Salbutamol 100mcg Vial,Suspensión,35 ml,51.040076944070535,tableta
177,MED8214,Insulina R 10UI Tableta,Solución,50 g,57.691615415271976,ampolla
178,MED7883,Losartán 50mg Ampolla,Polvo,66 g,525.3178951456789,tableta
179,MED3037,Insulina R 10UI Ampolla,Tableta,90 mcg,173.03190831032322,ml
180,MED7584,Clonazepam 2mg Ampolla,Cápsula,39 mg,870.205758092247,tableta
181,MED7179,Ranitidina 50mg Cápsula,Inyectable,100 UI,540.3237922008764,g
182,MED6433,Enalapril 10mg Tableta,Suspensión,6 mg,493.65618332055243,tableta
183,MED4526,Enalapril 10mg Ampolla,Ungüento,66 UI,420.5332768385769,tableta
184,MED9625,Ciprofloxacino 500mg Tableta,Cápsula,40 ml,533.4398764914935,g
185,MED4897,Salbutamol 100mcg Vial,Ungüento,39 ml,738.5992410014127,ml
186,MED2515,Atorvastatina 20mg Tableta,Inyectable,87 mcg,740.2686019305851,ml
187,MED7919,Enalapril 10mg Ampolla,Ungüento,2 ml,615.7197714154323,mg
188,MED7141,Amoxicilina 500mg Ampolla,Inyectable,82 mcg,940.7227980899833,vial
189,MED8609,Enalapril 10mg Tableta,Inyectable,25 g,118.37815675271253,ampolla
190,MED2388,Enalapril 10mg Suspensión,Solución,86 mcg,103.41869260016998,UI
191,MED8852,Amoxicilina 500mg Cápsula,Ungüento,34 UI,727.392233025662,ampolla
192,MED4130,Diazepam 10mg Ampolla,Polvo,32 mcg,807.1891587593447,mcg
193,MED7667,Losartán 50mg Vial,Inyectable,97 ml,247.2095082163092,ampolla
194,MED4155,Metformina 850mg Suspensión,Suspensión,4 ml,664.18642365277,g
195,MED2956,Diazepam 10mg Cápsula,Ungüento,6 mg,680.7224589035281,vial
196,MED4800,Diazepam 10mg Ampolla,Polvo,6 ml,204.46124770896205,tableta
197,MED7034,Diazepam 10mg Tableta,Ungüento,46 g,891.4129485006463,mcg
198,MED1134,Amlodipino 5mg Cápsula,Ungüento,29 g,463.18957247727127,mcg
199,MED9595,Budesonida 200mcg Vial,Ungüento,15 g,50.67414214509602,ampolla
200,MED6452,Metformina 850mg Vial,Inyectable,27 g,723.2813949772899,mg
201,MED2375,Famotidina 20mg Vial,Cápsula,56 UI,693.5888602640258,mg
202,MED3589,Diazepam 10mg Cápsula,Polvo,48 g,522.6375965181479,tableta
203,MED7195,Enalapril 10mg Cápsula,Cápsula,8 ml,472.2824716115089,tableta
204,MED5648,Metformina 850mg Tableta,Suspensión,87 mg,709.4904348851048,g
205,MED9588,Insulina R 10UI Cápsula,Polvo,31 mcg,130.65184923358584,mg
206,MED2776,Paracetamol 1g Ampolla,Solución,53 ml,688.0161220360977,ml
207,MED5801,Enalapril 10mg Cápsula,Ungüento,1 mcg,946.1494670524625,ampolla
208,MED2704,Paracetamol 1g Vial,Cápsula,6 g,655.7965708372928,mcg
209,MED2646,Diazepam 10mg Ampolla,Ungüento,78 UI,214.02478045944562,vial
210,MED3067,Insulina R 10UI Tableta,Ungüento,18 g,80.75852966721976,vial
211,MED7798,Salbutamol 100mcg Ampolla,Tableta,27 UI,119.37380263960132,mg
212,MED8771,Metformina 850mg Tableta,Solución,2 mcg,947.6201664595043,mg
213,MED6413,Salbutamol 100mcg Vial,Inyectable,37 UI,231.4646321319429,mg
214,MED9552,Omeprazol 20mg Vial,Suspensión,87 UI,572.6644652727603,g
215,MED8315,Metoprolol 100mg Vial,Suspensión,19 UI,544.3887532692881,vial
216,MED5786,Budesonida 200mcg Tableta,Suspensión,40 UI,283.6086917590504,UI
217,MED7778,Ranitidina 50mg Vial,Polvo,96 UI,769.8759153444447,UI
218,MED3538,Diazepam 10mg Vial,Ungüento,48 g,739.4558830840548,vial
219,MED7339,Amlodipino 5mg Suspensión,Cápsula,35 UI,14.981129177584986,g
220,MED5389,Paracetamol 1g Cápsula,Tableta,6 ml,148.2869006915353,ml
221,MED7548,Diazepam 10mg Ampolla,Inyectable,15 g,951.6033295067493,mcg
222,MED2676,Metoprolol 100mg Suspensión,Solución,48 ml,635.6211280904819,ml
223,MED8949,Ceftriaxona 1g Vial,Cápsula,9 mcg,905.3651382704776,ampolla
224,MED9897,Paracetamol 1g Ampolla,Tableta,35 ml,779.786859118306,g
225,MED5620,Paracetamol 1g Cápsula,Inyectable,6 ml,540.0744562790373,UI
226,MED6068,Insulina R 10UI Vial,Inyectable,62 mcg,515.4819675189929,ml
227,MED8061,Metoprolol 100mg Suspensión,Polvo,28 mg,588.5448603562012,mg
228,MED8469,Metoprolol 100mg Vial,Solución,40 g,245.62522908578836,UI
229,MED7031,Insulina R 10UI Tableta,Tableta,35 ml,295.0330462067402,ampolla
230,MED7909,Famotidina 20mg Tableta,Solución,34 g,781.767084629581,UI
231,MED8768,Atorvastatina 20mg Vial,Suspensión,40 mg,315.44485761927496,tableta
232,MED8473,Budesonida 200mcg Vial,Solución,97 g,927.5472245913373,mg
233,MED8330,Omeprazol 20mg Suspensión,Polvo,65 mcg,321.415574709412,UI
234,MED1494,Metformina 850mg Tableta,Solución,92 ml,374.46899508353204,g
235,MED5044,Metformina 850mg Cápsula,Polvo,96 mg,300.45512126275014,ml
236,MED1136,Ranitidina 50mg Cápsula,Ungüento,10 ml,266.60916772636955,ampolla
237,MED5857,Omeprazol 20mg Ampolla,Solución,64 mcg,116.41073039675969,vial
238,MED4319,Enalapril 10mg Vial,Tableta,71 g,711.3090599925272,mcg
239,MED6024,Omeprazol 20mg Cápsula,Tableta,71 g,24.62413428436416,mg
240,MED1670,Furosemida 40mg Vial,Suspensión,70 mcg,498.042989141388,mcg
241,MED7594,Insulina R 10UI Cápsula,Suspensión,69 mcg,179.7039673756496,g
242,MED2765,Amoxicilina 500mg Tableta,Solución,85 ml,167.53318820534042,tableta
243,MED9460,Atorvastatina 20mg Ampolla,Suspensión,15 ml,646.3641962283812,vial
244,MED4999,Ceftriaxona 1g Ampolla,Ungüento,82 g,746.1133172493456,mg
245,MED5358,Furosemida 40mg Tableta,Suspensión,8 g,351.0685256990318,vial
246,MED6471,Budesonida 200mcg Tableta,Inyectable,13 ml,707.7792682858859,mcg
247,MED4641,Amlodipino 5mg Cápsula,Polvo,67 g,346.10479236938,UI
248,MED1393,Enalapril 10mg Cápsula,Ungüento,87 g,538.0688189328067,vial
249,MED7361,Famotidina 20mg Ampolla,Cápsula,82 mcg,787.1400753478116,UI
250,MED6613,Ceftriaxona 1g Ampolla,Solución,90 mg,449.69026977676316,ampolla
251,MED8601,Losartán 50mg Cápsula,Cápsula,77 mg,273.9557061879798,g
252,MED3323,Budesonida 200mcg Suspensión,Cápsula,7 mg,184.3377448160082,mcg
253,MED4061,Paracetamol 1g Vial,Suspensión,75 g,108.26001586251428,mg
254,MED9176,Omeprazol 20mg Ampolla,Solución,89 UI,210.43155780509136,ampolla
255,MED3196,Ciprofloxacino 500mg Ampolla,Inyectable,60 mg,105.63410539258521,ml
256,MED8157,Budesonida 200mcg Cápsula,Suspensión,9 UI,43.892287118051826,mcg
257,MED8716,Clonazepam 2mg Tableta,Cápsula,31 mg,399.81579129216755,g
258,MED8126,Furosemida 40mg Tableta,Ungüento,38 g,845.7566211413312,mcg
259,MED9211,Ceftriaxona 1g Tableta,Polvo,39 ml,914.2590657950265,tableta
260,MED1678,Famotidina 20mg Suspensión,Inyectable,42 mcg,256.18379445800076,mg
261,MED8833,Enalapril 10mg Tableta,Tableta,1 mcg,553.594743207226,UI
262,MED6719,Omeprazol 20mg Suspensión,Polvo,36 mcg,626.8536526614149,vial
263,MED1490,Famotidina 20mg Vial,Tableta,6 mg,175.92402371981754,ampolla
264,MED2937,Diazepam 10mg Tableta,Tableta,85 ml,853.2287610251694,vial
265,MED7781,Paracetamol 1g Cápsula,Polvo,34 UI,797.5387173170941,vial
266,MED3114,Omeprazol 20mg Suspensión,Tableta,69 mcg,20.710772786459366,ampolla
267,MED6140,Furosemida 40mg Cápsula,Inyectable,87 ml,987.954309419834,mcg
268,MED3722,Insulina R 10UI Ampolla,Cápsula,56 ml,135.253875119915,mcg
269,MED6784,Budesonida 200mcg Cápsula,Cápsula,62 g,262.4851337019926,tableta
270,MED5487,Salbutamol 100mcg Suspensión,Polvo,59 g,184.85837513643636,tableta
271,MED3536,Famotidina 20mg Cápsula,Tableta,75 g,576.0228370706027,vial
272,MED9778,Amlodipino 5mg Ampolla,Cápsula,18 ml,632.7830106190344,g
273,MED2048,Omeprazol 20mg Cápsula,Polvo,35 UI,982.6546333701881,ml
274,MED5677,Paracetamol 1g Suspensión,Tableta,97 mg,114.98139289515244,ml
275,MED5380,Paracetamol 1g Ampolla,Ungüento,78 mg,349.60276251740356,UI
276,MED8060,Metoprolol 100mg Ampolla,Solución,15 mg,145.23122308891988,ml
277,MED3394,Ibuprofeno 400mg Suspensión,Suspensión,84 UI,315.5357935931271,vial
278,MED6860,Amoxicilina 500mg Tableta,Polvo,73 g,456.3834078453281,mg
279,MED3611,Omeprazol 20mg Tableta,Ungüento,53 mg,915.0493360603303,tableta
280,MED5098,Metformina 850mg Suspensión,Solución,26 mg,526.086619084081,mg
281,MED9761,Losartán 50mg Suspensión,Tableta,87 g,254.34214331382523,ml
282,MED1909,Atorvastatina 20mg Ampolla,Polvo,31 UI,342.2766889034059,ml
283,MED9099,Ranitidina 50mg Tableta,Tableta,40 g,908.4949134448209,g
284,MED4985,Ceftriaxona 1g Cápsula,Polvo,74 g,907.700876284948,g
285,MED1230,Losartán 50mg Cápsula,Polvo,100 mg,623.6424964814641,UI
286,MED9780,Amlodipino 5mg Vial,Suspensión,72 g,605.5460721137623,UI
287,MED3153,Insulina R 10UI Suspensión,Ungüento,26 mcg,354.6585022620767,UI
288,MED4165,Ibuprofeno 400mg Ampolla,Suspensión,20 UI,210.48575762645572,mcg
289,MED3919,Furosemida 40mg Vial,Ungüento,29 g,928.9498506909327,tableta
290,MED1798,Metformina 850mg Cápsula,Polvo,39 mcg,54.88875487847543,ampolla
291,MED3368,Omeprazol 20mg Ampolla,Tableta,89 ml,589.374590041395,vial
292,MED2108,Ciprofloxacino 500mg Ampolla,Cápsula,10 ml,202.40054242937657,tableta
293,MED1025,Furosemida 40mg Suspensión,Tableta,77 UI,996.2046902402908,g
294,MED5217,Insulina R 10UI Ampolla,Tableta,26 mg,572.85874725896,tableta
295,MED6225,Budesonida 200mcg Suspensión,Solución,56 UI,556.9344505738582,mg
296,MED7424,Enalapril 10mg Tableta,Solución,20 mcg,995.4559241489279,tableta
297,MED3581,Enalapril 10mg Tableta,Ungüento,77 UI,547.4893384432677,tableta
298,MED7630,Famotidina 20mg Tableta,Polvo,39 UI,639.5178479093483,ampolla
299,MED4189,Enalapril 10mg Tableta,Cápsula,57 mcg,773.1921100121922,tableta
300,MED6897,Famotidina 20mg Ampolla,Polvo,62 mg,361.905585325049,ml
301,MED2740,Metformina 850mg Ampolla,Suspensión,87 UI,482.93328769327013,mcg
302,MED2150,Clonazepam 2mg Tableta,Polvo,86 mg,506.0847982492567,mcg
303,MED1617,Atorvastatina 20mg Tableta,Solución,58 UI,367.42584868174697,ampolla
304,MED9749,Ibuprofeno 400mg Ampolla,Solución,65 mg,839.8776342378334,ml
305,MED9911,Amlodipino 5mg Tableta,Ungüento,32 mg,882.6930071926639,mcg
306,MED7019,Amoxicilina 500mg Ampolla,Inyectable,71 ml,395.9818030660775,mg
307,MED2227,Ciprofloxacino 500mg Suspensión,Solución,4 g,731.3698080883468,ampolla
308,MED1357,Insulina R 10UI Suspensión,Solución,29 UI,830.619994147634,mcg
309,MED8344,Metoprolol 100mg Cápsula,Tableta,58 g,350.7807470541959,ampolla
310,MED1059,Salbutamol 100mcg Ampolla,Suspensión,7 mg,331.2871053467765,mcg
311,MED9221,Salbutamol 100mcg Vial,Tableta,18 ml,624.7675295879216,mcg
312,MED4537,Famotidina 20mg Ampolla,Solución,26 mg,645.9641900266728,ampolla
313,MED5273,Famotidina 20mg Cápsula,Solución,2 g,990.5772239576988,vial
314,MED8443,Enalapril 10mg Tableta,Solución,4 g,979.3601641118905,g
315,MED9792,Metoprolol 100mg Cápsula,Suspensión,24 g,457.35251766711514,UI
316,MED5014,Metformina 850mg Vial,Ungüento,98 mcg,596.5507001259356,UI
317,MED9622,Ciprofloxacino 500mg Ampolla,Cápsula,95 mg,954.4622955580359,vial
318,MED7667,Paracetamol 1g Tableta,Inyectable,46 mcg,415.3119077621978,tableta
319,MED1674,Enalapril 10mg Vial,Inyectable,100 ml,548.5788031198924,ampolla
320,MED5139,Ibuprofeno 400mg Ampolla,Ungüento,61 UI,245.00604792419367,g
321,MED3277,Metoprolol 100mg Tableta,Ungüento,26 g,537.91935980843,ampolla
322,MED6624,Enalapril 10mg Cápsula,Tableta,86 UI,494.7784649077555,ml
323,MED4007,Budesonida 200mcg Tableta,Solución,44 ml,542.7362975024565,ampolla
324,MED6979,Losartán 50mg Ampolla,Suspensión,86 g,694.3825881769532,tableta
325,MED7478,Salbutamol 100mcg Ampolla,Suspensión,94 mg,149.2330457330471,tableta
326,MED3489,Ranitidina 50mg Ampolla,Ungüento,1 ml,782.1597883832397,tableta
327,MED6818,Metformina 850mg Cápsula,Tableta,77 mg,820.8400148775527,mcg
328,MED1182,Amoxicilina 500mg Suspensión,Polvo,86 g,932.5801594575528,mg
329,MED5482,Paracetamol 1g Tableta,Suspensión,46 g,451.2545619385127,g
330,MED7569,Amoxicilina 500mg Tableta,Ungüento,50 mcg,447.6741928956231,g
331,MED6970,Metformina 850mg Cápsula,Ungüento,67 mcg,287.7881400326366,ampolla
332,MED6248,Losartán 50mg Ampolla,Tableta,52 g,389.2855725040192,vial
333,MED3724,Enalapril 10mg Suspensión,Suspensión,81 g,93.71681282569592,UI
334,MED3109,Ranitidina 50mg Cápsula,Suspensión,85 mg,544.576260698763,mg
335,MED6629,Atorvastatina 20mg Ampolla,Tableta,60 mg,485.9537224618883,g
336,MED2437,Ibuprofeno 400mg Ampolla,Suspensión,91 UI,941.6690257724975,UI
337,MED5234,Ibuprofeno 400mg Ampolla,Tableta,45 mg,23.113381578031934,tableta
338,MED1504,Amoxicilina 500mg Ampolla,Solución,49 mg,560.2475734474721,mcg
339,MED2544,Ranitidina 50mg Tableta,Inyectable,6 mcg,101.84495080699426,tableta
340,MED9530,Amlodipino 5mg Ampolla,Ungüento,21 mcg,100.96929269530145,ml
341,MED9173,Enalapril 10mg Suspensión,Cápsula,83 mcg,614.2559430623256,ml
342,MED5317,Clonazepam 2mg Ampolla,Suspensión,19 mg,117.78505654802015,ampolla
343,MED1501,Amoxicilina 500mg Vial,Suspensión,38 mg,662.2289700895233,g
344,MED7462,Ibuprofeno 400mg Cápsula,Inyectable,58 g,142.68265118355535,ampolla
345,MED3401,Paracetamol 1g Cápsula,Inyectable,17 g,11.635298577248985,mcg
346,MED6701,Famotidina 20mg Ampolla,Solución,29 mg,124.57853436822387,vial
347,MED4898,Metoprolol 100mg Cápsula,Cápsula,18 ml,193.40003237339195,vial
348,MED2915,Amlodipino 5mg Cápsula,Polvo,91 mcg,96.50896945141463,vial
349,MED2874,Famotidina 20mg Cápsula,Solución,72 mcg,711.142693135112,mg
350,MED6892,Omeprazol 20mg Vial,Ungüento,75 UI,327.37706575073656,ampolla
351,MED6605,Ranitidina 50mg Vial,Cápsula,45 UI,545.0713576055401,ml
352,MED7238,Enalapril 10mg Vial,Solución,71 mcg,83.67477815442561,ml
353,MED4212,Paracetamol 1g Tableta,Ungüento,57 mcg,95.53959436528348,ml
354,MED1202,Metoprolol 100mg Cápsula,Solución,43 g,443.3824710787368,tableta
355,MED3705,Amlodipino 5mg Vial,Suspensión,60 UI,409.2932492669447,tableta
356,MED6346,Famotidina 20mg Suspensión,Cápsula,37 mcg,446.2637264880891,vial
357,MED6165,Ranitidina 50mg Vial,Inyectable,4 ml,760.102328061862,ampolla
358,MED2941,Ranitidina 50mg Ampolla,Solución,70 g,232.94369851570363,UI
359,MED9960,Diazepam 10mg Tableta,Tableta,38 UI,127.55586034546636,ml
360,MED7284,Amlodipino 5mg Ampolla,Ungüento,11 g,713.2888539619165,ml
361,MED2510,Enalapril 10mg Tableta,Cápsula,26 g,324.8226241722155,UI
362,MED5900,Diazepam 10mg Cápsula,Tableta,4 g,294.7019265734253,mg
363,MED6247,Salbutamol 100mcg Cápsula,Ungüento,65 g,160.49490148807578,vial
364,MED8094,Ciprofloxacino 500mg Ampolla,Ungüento,32 g,592.3349727714227,ampolla
365,MED1953,Amoxicilina 500mg Ampolla,Cápsula,29 mg,932.4782318789926,g
366,MED9565,Amoxicilina 500mg Suspensión,Suspensión,20 mg,561.2939288313341,ml
367,MED8772,Amoxicilina 500mg Cápsula,Polvo,90 ml,77.69629427817317,UI
368,MED2855,Furosemida 40mg Cápsula,Ungüento,90 g,129.66091041454615,mcg
369,MED4292,Ibuprofeno 400mg Ampolla,Cápsula,78 mcg,61.592212417271796,mcg
370,MED4769,Omeprazol 20mg Tableta,Inyectable,33 UI,996.5357890272035,mcg
371,MED9343,Insulina R 10UI Ampolla,Polvo,97 g,95.18644026678659,g
372,MED5750,Ceftriaxona 1g Suspensión,Polvo,82 mcg,21.825003029271855,UI
373,MED7558,Losartán 50mg Vial,Inyectable,97 mcg,217.34404908778833,mg
374,MED7587,Ibuprofeno 400mg Suspensión,Ungüento,94 g,194.7210790531892,mcg
375,MED9898,Enalapril 10mg Cápsula,Tableta,60 g,817.7792868920412,vial
376,MED1722,Ciprofloxacino 500mg Vial,Solución,95 mcg,917.8455296126856,ampolla
377,MED8931,Diazepam 10mg Tableta,Solución,36 mcg,552.9227204808886,tableta
378,MED8532,Ciprofloxacino 500mg Suspensión,Ungüento,95 UI,652.9358453063093,tableta
379,MED2553,Furosemida 40mg Ampolla,Inyectable,11 ml,447.56382837889277,g
380,MED9530,Losartán 50mg Cápsula,Inyectable,59 ml,355.34581620126625,UI
381,MED3877,Omeprazol 20mg Vial,Polvo,20 mcg,669.458028117578,vial
382,MED9206,Diazepam 10mg Vial,Solución,69 ml,758.0679163535355,ml
383,MED6528,Famotidina 20mg Ampolla,Ungüento,97 mcg,137.53094637004213,ml
384,MED2051,Salbutamol 100mcg Vial,Tableta,26 mg,374.1324773468437,tableta
385,MED1642,Paracetamol 1g Cápsula,Cápsula,71 g,433.8740089963532,mg
386,MED1278,Omeprazol 20mg Suspensión,Cápsula,68 mcg,487.158035261843,ml
387,MED5665,Salbutamol 100mcg Cápsula,Solución,28 mcg,521.9187662452775,mg
388,MED2333,Paracetamol 1g Ampolla,Solución,58 UI,193.804166446904,mcg
389,MED7179,Salbutamol 100mcg Suspensión,Inyectable,86 ml,735.8383744974062,vial
390,MED9356,Omeprazol 20mg Ampolla,Solución,36 ml,681.2408655765378,tableta
391,MED2767,Diazepam 10mg Suspensión,Polvo,74 ml,843.7796407911586,ml
392,MED4855,Salbutamol 100mcg Cápsula,Polvo,87 mg,31.479459911805336,mg
393,MED2796,Diazepam 10mg Ampolla,Solución,74 ml,183.87038014744812,ml
394,MED2764,Insulina R 10UI Tableta,Ungüento,49 UI,378.3820228094291,UI
395,MED9661,Amlodipino 5mg Ampolla,Ungüento,62 g,433.8296407758484,g
396,MED8157,Ciprofloxacino 500mg Tableta,Ungüento,81 mcg,772.9761346392471,g
397,MED6437,Ranitidina 50mg Vial,Polvo,17 mg,693.245422930719,mg
398,MED6724,Clonazepam 2mg Vial,Polvo,57 UI,710.8867096126189,mcg
399,MED6084,Losartán 50mg Tableta,Tableta,25 UI,382.26853810846933,mg
400,MED6286,Ranitidina 50mg Suspensión,Polvo,12 ml,732.1347549678336,mg
401,MED3281,Paracetamol 1g Vial,Inyectable,26 mcg,916.8418250053046,ampolla
402,MED9114,Metformina 850mg Suspensión,Polvo,15 mg,326.0186193306842,UI
403,MED4723,Ibuprofeno 400mg Cápsula,Cápsula,46 mg,850.7167512637917,g
404,MED6926,Omeprazol 20mg Tableta,Tableta,84 g,249.98229507073677,mg
405,MED3015,Diazepam 10mg Cápsula,Ungüento,2 mg,174.81793555773353,g
406,MED3615,Ciprofloxacino 500mg Ampolla,Tableta,51 g,297.96295424304236,UI
407,MED2072,Omeprazol 20mg Ampolla,Suspensión,7 ml,464.54486631798676,vial
408,MED1363,Ibuprofeno 400mg Tableta,Cápsula,100 mcg,971.1084946361879,ml
409,MED4262,Diazepam 10mg Cápsula,Ungüento,6 mcg,488.2383525619001,tableta
410,MED4032,Ceftriaxona 1g Tableta,Polvo,18 g,80.26201640584448,tableta
411,MED3727,Famotidina 20mg Cápsula,Inyectable,12 UI,449.1168716542278,vial
412,MED4436,Ciprofloxacino 500mg Suspensión,Suspensión,97 mg,967.1461919503797,mcg
413,MED4424,Diazepam 10mg Tableta,Ungüento,28 UI,830.1036028325566,mcg
414,MED4320,Atorvastatina 20mg Ampolla,Cápsula,24 mcg,411.4980687782757,ml
415,MED5348,Metoprolol 100mg Suspensión,Cápsula,26 ml,844.3762532116497,ml
416,MED4047,Paracetamol 1g Ampolla,Tableta,23 UI,653.6777843085727,UI
417,MED3258,Metformina 850mg Cápsula,Ungüento,25 mg,943.7441195707224,tableta
418,MED8053,Ranitidina 50mg Tableta,Ungüento,55 ml,669.3001755798097,mcg
419,MED3184,Paracetamol 1g Cápsula,Tableta,27 mg,688.5311896785317,mg
420,MED2602,Paracetamol 1g Ampolla,Polvo,53 mg,260.08495080411546,mg
421,MED5059,Losartán 50mg Cápsula,Polvo,74 ml,608.310818343255,ml
422,MED4887,Enalapril 10mg Tableta,Polvo,47 mg,307.0760849646015,ml
423,MED2530,Budesonida 200mcg Ampolla,Solución,51 UI,709.205959187423,ampolla
424,MED2612,Enalapril 10mg Suspensión,Tableta,20 g,516.5751700648557,mg
425,MED5271,Enalapril 10mg Ampolla,Tableta,24 UI,289.038429044902,UI
426,MED1412,Ranitidina 50mg Cápsula,Inyectable,13 g,378.07562678371073,vial
427,MED2397,Ibuprofeno 400mg Cápsula,Cápsula,5 mg,645.0686729085897,tableta
428,MED6998,Famotidina 20mg Ampolla,Suspensión,75 mg,726.6564740792376,UI
429,MED7756,Furosemida 40mg Tableta,Suspensión,80 g,702.8092286241388,mg
430,MED7741,Ceftriaxona 1g Cápsula,Tableta,11 mg,346.2980595281203,ml
431,MED8581,Metformina 850mg Ampolla,Suspensión,79 g,600.3963817914988,tableta
432,MED5765,Clonazepam 2mg Suspensión,Solución,81 mg,829.3024438778203,mcg
433,MED1641,Losartán 50mg Cápsula,Tableta,31 mcg,324.7868650410444,tableta
434,MED5164,Insulina R 10UI Vial,Ungüento,12 mcg,481.70719841966087,vial
435,MED1484,Ceftriaxona 1g Tableta,Ungüento,71 g,759.6607571848865,tableta
436,MED7287,Metoprolol 100mg Ampolla,Polvo,85 mg,37.37843253771693,g
437,MED1824,Ciprofloxacino 500mg Tableta,Inyectable,6 mg,817.7574896335591,ampolla
438,MED4252,Budesonida 200mcg Cápsula,Cápsula,79 ml,127.91230843283635,ml
439,MED4647,Amoxicilina 500mg Ampolla,Ungüento,16 mg,915.5514534286772,vial
440,MED8016,Ceftriaxona 1g Cápsula,Solución,65 mcg,540.5965917658523,ampolla
441,MED9673,Ranitidina 50mg Tableta,Cápsula,7 ml,557.9300159332153,UI
442,MED1781,Ceftriaxona 1g Vial,Ungüento,74 g,923.5553615117103,g
443,MED5003,Metoprolol 100mg Tableta,Polvo,48 g,856.6914979458498,ampolla
444,MED2703,Famotidina 20mg Cápsula,Ungüento,40 mcg,648.5587028023266,mg
445,MED2410,Amoxicilina 500mg Cápsula,Cápsula,78 mg,657.8383760972027,mg
446,MED7789,Amlodipino 5mg Ampolla,Cápsula,51 ml,769.0641707448498,vial
447,MED5166,Clonazepam 2mg Ampolla,Tableta,88 ml,577.1050913646945,ampolla
448,MED6122,Metoprolol 100mg Ampolla,Inyectable,19 mg,972.7199791717651,ml
449,MED1886,Clonazepam 2mg Cápsula,Solución,75 mg,227.71450957972547,UI
450,MED2456,Ciprofloxacino 500mg Ampolla,Cápsula,74 ml,132.6829786162946,tableta
451,MED2424,Atorvastatina 20mg Cápsula,Ungüento,96 mcg,517.6980515822127,vial
452,MED9240,Diazepam 10mg Vial,Solución,14 g,784.5736876219936,mcg
453,MED3308,Metformina 850mg Ampolla,Cápsula,58 mg,963.1352576572065,ml
454,MED4162,Enalapril 10mg Ampolla,Cápsula,76 ml,629.9759590469573,ampolla
455,MED8140,Metformina 850mg Cápsula,Inyectable,58 ml,29.06051351924861,g
456,MED4625,Furosemida 40mg Vial,Ungüento,67 mcg,244.2919871650474,vial
457,MED6684,Metformina 850mg Cápsula,Ungüento,5 UI,974.1235863546539,mcg
458,MED4798,Salbutamol 100mcg Cápsula,Suspensión,95 ml,571.3033070387434,UI
459,MED6813,Metformina 850mg Vial,Solución,71 mg,221.37323864962033,mg
460,MED2553,Omeprazol 20mg Cápsula,Ungüento,55 g,868.4535843778657,tableta
461,MED9270,Ranitidina 50mg Vial,Solución,73 mg,316.65136204956553,tableta
462,MED1765,Salbutamol 100mcg Vial,Inyectable,9 ml,876.2638372428003,UI
463,MED2646,Salbutamol 100mcg Cápsula,Suspensión,83 UI,490.3272553424874,tableta
464,MED6826,Famotidina 20mg Vial,Ungüento,26 g,515.7872383858576,mcg
465,MED1846,Budesonida 200mcg Ampolla,Tableta,50 UI,987.6994643194599,mg
466,MED4123,Paracetamol 1g Cápsula,Tableta,51 ml,716.4428704011369,ml
467,MED6848,Losartán 50mg Ampolla,Tableta,6 mg,983.7816231844893,g
468,MED8906,Amlodipino 5mg Tableta,Ungüento,8 mcg,704.4261227718943,mcg
469,MED7972,Paracetamol 1g Tableta,Cápsula,96 mg,916.8487914343872,mcg
470,MED7952,Metformina 850mg Cápsula,Inyectable,94 g,56.93662795444474,mcg
471,MED4313,Amlodipino 5mg Cápsula,Inyectable,51 mcg,962.0850018510107,vial
472,MED6749,Ciprofloxacino 500mg Vial,Ungüento,72 UI,433.425929269058,UI
473,MED4341,Salbutamol 100mcg Vial,Inyectable,92 ml,668.9261256425123,mg
474,MED9326,Insulina R 10UI Ampolla,Ungüento,45 UI,857.3214675993318,UI
475,MED5563,Ciprofloxacino 500mg Tableta,Tableta,42 ml,973.6996360239735,ml
476,MED9285,Insulina R 10UI Ampolla,Polvo,21 ml,183.56046574631154,UI
477,MED1786,Amlodipino 5mg Tableta,Solución,85 UI,422.0819428600712,tableta
478,MED1191,Famotidina 20mg Vial,Polvo,12 mg,504.25742251951704,ml
479,MED9988,Budesonida 200mcg Ampolla,Cápsula,99 UI,918.4360503261539,mcg
480,MED9218,Clonazepam 2mg Ampolla,Inyectable,56 ml,794.4362255564236,vial
481,MED6448,Ciprofloxacino 500mg Cápsula,Polvo,68 UI,721.8804195140191,ampolla
482,MED7097,Ranitidina 50mg Ampolla,Polvo,35 UI,348.14866371664453,UI
483,MED6448,Ciprofloxacino 500mg Ampolla,Cápsula,14 mcg,859.317819287582,vial
484,MED9959,Metoprolol 100mg Cápsula,Suspensión,44 g,915.6763787886393,mg
485,MED7021,Ceftriaxona 1g Cápsula,Solución,27 ml,749.3652628273618,tableta
486,MED4339,Amoxicilina 500mg Suspensión,Inyectable,24 UI,899.5440913397747,ml
487,MED9663,Paracetamol 1g Ampolla,Tableta,50 mg,103.33992580494156,tableta
488,MED3514,Amoxicilina 500mg Tableta,Tableta,72 ml,478.2871593622759,mg
489,MED2798,Salbutamol 100mcg Suspensión,Tableta,56 UI,344.8699580370499,UI
490,MED1493,Metoprolol 100mg Cápsula,Solución,5 g,99.47992905018083,UI
491,MED5230,Paracetamol 1g Cápsula,Ungüento,20 mg,892.3800076338981,mg
492,MED4382,Ceftriaxona 1g Tableta,Suspensión,22 mcg,324.6770311544058,UI
493,MED8246,Budesonida 200mcg Ampolla,Tableta,63 mg,460.04686841160066,ampolla
494,MED5393,Enalapril 10mg Ampolla,Polvo,32 ml,510.79767083440777,mcg
495,MED9721,Metformina 850mg Tableta,Tableta,10 mg,461.88999691072536,tableta
496,MED3330,Atorvastatina 20mg Vial,Suspensión,58 g,396.7053316276476,ml
497,MED2480,Budesonida 200mcg Ampolla,Ungüento,100 g,232.30312490879618,ampolla
498,MED5127,Furosemida 40mg Vial,Cápsula,57 UI,767.3979380357036,mg
499,MED5226,Omeprazol 20mg Tableta,Ungüento,55 mcg,88.85576368534281,ml
500,MED8539,Clonazepam 2mg Suspensión,Ungüento,32 mg,931.4122903013963,tableta
